{
  "id": "gen-1782667049-2PESGCJWjKnNaROObKZz",
  "object": "chat.completion",
  "created": 1782667049,
  "model": "qwen/qwen3.5-397b-a17b-20260216",
  "provider": "Alibaba",
  "system_fingerprint": null,
  "service_tier": null,
  "choices": [
    {
      "index": 0,
      "logprobs": null,
      "finish_reason": "stop",
      "native_finish_reason": "stop",
      "message": {
        "role": "assistant",
        "content": "@startuml\ntitle \u663e\u793a\u5b66\u671f\u5217\u8868\u6d41\u7a0b\u56fe\nactor \"\u5b66\u751f\u663e\u793a\u8bfe\u7a0b\u4e3b\u9875\u9762\" as Student\nactor \"API\u670d\u52a1\" as API\ndatabase \"\u6570\u636e\u5e93\u5b58\u50a8\" as DB\n\n== \u5b66\u751f\u4e3b\u9875\u9762 ==\nStudent -> API: \u4f20\u5165\u7528\u6237\u7684user_id\u3001type\u548c\u9009\u62e9\u7684\u5b66\u671fterm\nactivate API\nAPI -> API: \u9996\u5148\u5224\u65adtype\u662f\u5426\u4e3a\u5b66\u751f\uff0c\u518d\u5224\u65aduser_id\u7684\u5408\u6cd5\u6027\nAPI -> DB: \u83b7\u53d6\u8be5\u5b66\u751f\u7684\u4e13\u4e1aMAJOR\u4fe1\u606f\u5b57\u6bb5\uff0c\u5e76\u52a0\u4e0a\u5b66\u671fterm\u7ea6\u675f\uff0c\u8054\u5408\u67e5\u8be2courses\u8868\nactivate DB\nDB -> DB: \u901a\u8fc7courses\u8868\u4e2d\u7684teacher_id\u67e5\u8be2teachers\u8868\u548cusers\u8868\uff0c\u83b7\u53d6\u8001\u5e08\u59d3\u540d\uff0c\u52a0\u5165course\u5217\u8868\u4e2d\nDB --> API: \u8fd4\u56de\u7b26\u5408\u6761\u4ef6\u7684\u8bfe\u7a0bcourse\u8bb0\u5f55\ndeactivate DB\nAPI --> API: \u8fd4\u56de\u7b26\u5408\u6761\u4ef6\u7684\u8bfe\u7a0bcourse\u8bb0\u5f55\nAPI --> Student: \u8fd4\u56de\u6307\u5b9a\u5b66\u671f\u7684\u8bfe\u7a0bcourse\u96c6\u5408\ndeactivate API\n== \u5b66\u751f\u767b\u5f55\u540e\u6b63\u5e38\u4f7f\u7528\uff0c\u6bcf\u6b21\u8bf7\u6c42\u90fd\u4f1a\u8bbf\u95eeAPI ==\n@enduml",
        "refusal": null,
        "reasoning": null
      }
    }
  ],
  "usage": {
    "prompt_tokens": 1075,
    "completion_tokens": 193,
    "total_tokens": 1268,
    "cost": 0.00087087,
    "is_byok": false,
    "prompt_tokens_details": {
      "cached_tokens": 0,
      "cache_write_tokens": 0,
      "audio_tokens": 0,
      "video_tokens": 0
    },
    "cost_details": {
      "upstream_inference_cost": 0.00087087,
      "upstream_inference_prompt_cost": 0.00041925,
      "upstream_inference_completions_cost": 0.00045162
    },
    "completion_tokens_details": {
      "reasoning_tokens": 0,
      "image_tokens": 0,
      "audio_tokens": 0
    }
  }
}