{
  "id": "gen-1782643968-uKkQVfiLhEj28WoCelR5",
  "object": "chat.completion",
  "created": 1782643968,
  "model": "qwen/qwen3.5-397b-a17b-20260216",
  "provider": "Alibaba",
  "system_fingerprint": null,
  "service_tier": null,
  "choices": [
    {
      "index": 0,
      "logprobs": null,
      "finish_reason": "stop",
      "native_finish_reason": "stop",
      "message": {
        "role": "assistant",
        "content": "@startuml\nnote \"Singleton (\u30b7\u30f3\u30b0\u30eb\u30c8\u30f3)\n<\u6982\u8981>\n\u30b7\u30b9\u30c6\u30e0\u5185\u306b\u5b58\u5728\u3059\u308b\u30aa\u30d6\u30b8\u30a7\u30af\u30c8\u304c1\u3064\u3067\u3042\u308b\u3053\u3068\u3092\u4fdd\u8a3c\u3059\u308b\u3002\n\u3053\u306e\u30d1\u30bf\u30fc\u30f3\u3067\u306f\u5916\u90e8\u304b\u3089\u306e\u30aa\u30d6\u30b8\u30a7\u30af\u30c8\u3092\u751f\u6210\u3092\u7981\u6b62\u3059\u308b\u3002\n\u30b7\u30b9\u30c6\u30e0\u306e\u8d77\u52d5\u4e2d\u306f\u30aa\u30d6\u30b8\u30a7\u30af\u30c81\u3064\u3060\u3051\u5236\u9650\u3057\u305f\u3044\u3068\u304d\u306b\u4f7f\u3046\n<\u30e1\u30ea\u30c3\u30c8>\n\u30fb\u30aa\u30d6\u30b8\u30a7\u30af\u30c8\u304c1\u3064\u3057\u304b\u306a\u3044\u3053\u3068\u304c\u4fdd\u8a3c\u3055\u308c\u3066\u3044\u308b\" as Note1\n\nclass \"FileFormatter\" as FileFormatter {\n  + singleton : Singleton\n  + Singleton()\n  + GetInstance() : Singleton\n}\n\nFileFormatter : <<C>>\nFileFormatter : + singleton : Singleton\nFileFormatter : + Singleton()\nFileFormatter : + GetInstance() : Singleton\n\n@enduml",
        "refusal": null,
        "reasoning": null
      }
    }
  ],
  "usage": {
    "prompt_tokens": 683,
    "completion_tokens": 143,
    "total_tokens": 826,
    "cost": 0.00060099,
    "is_byok": false,
    "prompt_tokens_details": {
      "cached_tokens": 0,
      "cache_write_tokens": 0,
      "audio_tokens": 0,
      "video_tokens": 0
    },
    "cost_details": {
      "upstream_inference_cost": 0.00060099,
      "upstream_inference_prompt_cost": 0.00026637,
      "upstream_inference_completions_cost": 0.00033462
    },
    "completion_tokens_details": {
      "reasoning_tokens": 0,
      "image_tokens": 0,
      "audio_tokens": 0
    }
  }
}